Emp Id,Sports,Religious,Nature,Theatre,Shopping,Picnic
Emp_1,2,77,79,69,68,95
Emp_2,2,62,76,76,69,68
Emp_3,2,50,97,87,50,75
Emp_4,2,68,77,95,76,61
Emp_5,2,98,54,59,95,86
Emp_6,3,52,109,93,52,76
Emp_7,3,64,85,82,73,69
Emp_8,3,54,107,92,54,76
Emp_9,3,64,108,64,54,93
Emp_10,3,86,76,74,74,103
Emp_11,3,107,54,64,103,94
Emp_12,3,103,60,63,102,93
Emp_13,3,64,82,82,75,69
Emp_14,3,93,54,74,103,69
Emp_15,3,63,82,81,78,69
Emp_16,3,82,79,75,75,82
Emp_17,5,59,131,103,54,86
Emp_18,5,56,124,108,56,85
Emp_19,4,85,67,111,65,72
Emp_20,5,114,83,65,114,102
Emp_21,4,93,82,79,79,90
Emp_22,4,105,52,75,113,78
Emp_23,5,69,118,74,66,101
Emp_24,4,71,123,64,59,102
Emp_25,5,88,94,81,79,91
Emp_26,5,83,99,89,74,91
Emp_27,5,69,133,74,54,101
Emp_28,5,128,53,74,117,105
Emp_29,5,74,123,69,61,101
Emp_30,5,79,93,118,90,72
Emp_31,4,51,115,110,51,84
Emp_32,5,69,93,93,81,79
Emp_33,4,100,53,86,112,78
Emp_34,4,88,69,108,71,77
Emp_35,4,93,84,75,84,112
Emp_36,4,79,86,110,93,73
Emp_37,4,87,72,112,63,71
Emp_38,5,65,128,79,56,101
Emp_39,4,91,66,110,69,71
Emp_40,4,93,79,74,92,90
Emp_41,5,59,118,108,63,85
Emp_42,5,65,103,90,80,79
Emp_43,4,87,89,76,89,111
Emp_44,4,93,85,79,85,91
Emp_45,5,93,94,79,79,113
Emp_46,5,74,130,74,53,101
Emp_47,4,118,59,69,119,97
Emp_48,4,101,61,76,113,78
Emp_49,5,88,99,79,83,114
Emp_50,4,74,87,87,79,79
Emp_51,14,148,59,104,208,119
Emp_52,5,93,89,74,89,93
Emp_53,4,79,103,68,103,85
Emp_54,4,76,92,111,90,71
Emp_55,8,94,140,89,118,92
Emp_56,8,108,109,89,89,143
Emp_57,6,98,89,133,79,79
Emp_58,8,84,118,102,94,90
Emp_59,8,138,74,79,143,118
Emp_60,6,74,109,103,89,88
Emp_61,8,118,104,94,94,118
Emp_62,8,94,128,89,128,99
Emp_63,8,64,155,118,64,97
Emp_64,6,84,108,138,103,79
Emp_65,8,108,109,94,99,138
Emp_66,6,89,108,128,116,81
Emp_67,6,103,79,148,74,79
Emp_68,6,103,109,99,89,108
Emp_69,8,108,99,94,94,138
Emp_70,8,108,109,104,79,133
Emp_71,8,138,59,84,138,128
Emp_72,8,79,143,113,69,109
Emp_73,8,84,153,79,64,113
Emp_74,8,74,148,118,64,104
Emp_75,8,74,153,118,59,99
Emp_76,6,118,64,101,133,92
Emp_77,6,69,153,113,59,99
Emp_78,6,123,68,89,128,90
Emp_79,6,99,104,128,64,78
Emp_80,6,124,59,84,143,88
Emp_81,6,84,131,128,93,81
Emp_82,6,113,64,89,141,86
Emp_83,6,118,64,99,134,88
Emp_84,8,89,143,84,64,118
Emp_85,6,98,89,133,69,79
Emp_86,6,98,104,109,91,101
Emp_87,8,84,143,74,74,133
Emp_88,8,123,64,93,148,90
Emp_89,6,84,113,141,98,81
Emp_90,6,59,148,125,59,97
Emp_91,8,143,69,79,143,123
Emp_92,8,94,133,84,125,97
Emp_93,8,84,108,113,93,90
Emp_94,8,84,138,89,69,123
Emp_95,6,84,108,133,98,81
Emp_96,6,99,84,138,69,83
Emp_97,8,113,94,84,109,128
Emp_98,6,148,64,74,138,128
Emp_99,8,84,138,113,64,114
Emp_100,6,98,79,138,79,79
Emp_101,8,133,84,84,133,118
Emp_102,6,79,113,106,87,88
Emp_103,8,113,104,84,94,148
Emp_104,6,69,138,113,79,99
Emp_105,6,83,103,98,99,90
Emp_106,8,69,143,123,71,97
Emp_107,8,118,94,99,99,143
Emp_108,6,74,133,99,74,113
Emp_109,12,115,94,163,109,92
Emp_110,12,123,124,109,114,168
Emp_111,12,94,133,157,133,95
Emp_112,12,104,123,163,128,89
Emp_113,14,99,198,89,74,153
Emp_114,14,113,148,99,148,110
Emp_115,14,94,163,99,94,153
Emp_116,12,133,104,119,129,133
Emp_117,14,163,69,94,188,143
Emp_118,12,74,158,158,74,119
Emp_119,12,123,124,109,129,143
Emp_120,12,94,137,148,113,100
Emp_121,12,123,129,139,99,143
Emp_122,12,89,163,99,79,143
Emp_123,14,81,173,143,79,122
Emp_124,14,135,84,158,139,92
Emp_125,12,108,113,133,114,100
Emp_126,14,138,119,119,124,158
Emp_127,12,128,122,134,109,120
Emp_128,14,79,203,153,69,119
Emp_129,12,84,150,128,104,102
Emp_130,12,148,69,104,173,138
Emp_131,14,133,124,119,124,168
Emp_132,12,89,128,148,111,102
Emp_133,12,79,183,133,70,113
Emp_134,12,96,113,113,99,97
Emp_135,14,84,161,153,84,116
Emp_136,12,109,135,158,123,92
Emp_137,12,133,74,114,175,102
Emp_138,14,133,139,124,109,128
Emp_139,12,128,124,114,111,126
Emp_140,10,97,123,108,119,111
Emp_141,12,123,104,104,134,153
Emp_142,10,113,89,168,89,89
Emp_143,12,109,148,94,133,119
Emp_144,10,165,64,94,173,97
Emp_145,12,93,123,123,124,100
Emp_146,14,143,98,119,163,105
Emp_147,12,89,158,89,89,158
Emp_148,10,113,111,153,84,97
Emp_149,12,138,86,114,158,102
Emp_150,12,79,158,148,69,119
Emp_151,14,84,178,138,87,116
Emp_152,14,84,168,148,80,113
Emp_153,14,84,173,143,69,110
Emp_154,12,104,130,178,118,92
Emp_155,10,99,123,153,128,103
Emp_156,12,93,128,118,119,100
Emp_157,12,128,119,104,119,173
Emp_158,14,94,178,109,69,143
Emp_159,12,148,69,104,168,114
Emp_160,12,113,114,109,119,143
Emp_161,12,153,74,94,163,158
Emp_162,22,139,163,114,203,139
Emp_163,14,163,99,94,158,143
Emp_164,12,89,178,89,79,153
Emp_165,12,79,183,104,69,148
Emp_166,12,168,69,84,198,133
Emp_167,22,128,158,183,158,130
Emp_168,22,129,188,109,104,198
Emp_169,16,178,74,114,198,129
Emp_170,20,143,139,139,139,148
Emp_171,20,114,198,124,114,153
Emp_172,18,105,158,143,129,133
Emp_173,20,120,193,104,148,138
Emp_174,20,98,193,163,99,140
Emp_175,22,148,174,129,129,153
Emp_176,20,183,104,164,193,153
Emp_177,18,99,203,129,94,158
Emp_178,22,139,178,139,163,144
Emp_179,22,90,188,163,109,138
Emp_180,18,163,84,129,193,139
Emp_181,18,88,178,178,89,140
Emp_182,18,114,144,213,133,128
Emp_183,22,143,124,208,134,124
Emp_184,20,188,94,104,208,158
Emp_185,18,99,228,104,84,163
Emp_186,18,178,94,114,188,173
Emp_187,22,119,198,149,114,168
Emp_188,20,114,203,109,84,158
Emp_189,18,99,193,158,99,144
Emp_190,22,153,139,154,154,183
Emp_191,20,162,94,144,198,135
Emp_192,18,132,149,139,119,144
Emp_193,18,104,193,114,99,173
Emp_194,18,99,183,128,114,129
Emp_195,20,178,89,154,198,183
Emp_196,20,114,243,104,79,173
Emp_197,22,133,183,114,183,140
Emp_198,22,148,149,154,149,148
Emp_199,22,114,213,129,94,178
Emp_200,22,188,124,114,183,188
Emp_201,25,153,159,129,139,218
Emp_202,18,114,153,178,138,124
Emp_203,22,184,84,129,233,133
Emp_204,18,84,193,188,80,138
Emp_205,18,178,129,104,183,163
Emp_206,18,114,163,163,148,124
Emp_207,16,132,94,178,109,120
Emp_208,20,93,183,178,89,140
Emp_209,16,137,104,173,109,130
Emp_210,18,153,74,114,188,129
Emp_211,18,128,114,168,124,124
Emp_212,22,114,228,119,99,168
Emp_213,22,178,89,114,203,139
Emp_214,18,173,84,99,193,158
Emp_215,20,168,89,124,183,129
Emp_216,18,83,198,163,84,140
Emp_217,22,144,173,134,173,149
Emp_218,18,198,64,89,203,153
Emp_219,20,114,208,114,119,168
Emp_220,18,114,183,114,109,178
Emp_221,18,114,173,183,128,124
Emp_222,18,128,134,188,89,124
Emp_223,18,143,154,129,129,178
Emp_224,18,128,163,173,133,130
Emp_225,18,148,99,139,168,129
Emp_226,18,83,218,163,74,140
Emp_227,22,120,168,158,144,133
Emp_228,22,203,99,104,223,173
Emp_229,18,143,139,119,139,203
Emp_230,22,153,144,139,144,193
Emp_231,18,147,144,129,149,144
Emp_232,18,188,74,109,213,168
Emp_233,25,158,154,154,154,153
Emp_234,25,104,208,168,134,144
Emp_235,25,139,153,193,158,134
Emp_236,25,84,247,168,109,140
Emp_237,25,173,89,124,233,158
Emp_238,8,93,119,99,89,138
Emp_239,22,124,168,208,148,124
Emp_240,18,114,158,178,158,124
Emp_241,20,188,94,94,223,153
Emp_242,25,114,238,124,104,178
Emp_243,18,94,188,148,99,139
Emp_244,25,129,318,94,89,188
Emp_245,18,139,148,129,129,168
Emp_246,22,114,228,104,84,168
Emp_247,20,124,178,104,158,174
Emp_248,20,133,149,139,144,213
Emp_249,20,143,149,139,159,143
